{
  "version": "1.0",
  "defaultProvider": "cdnjs",
  "libraries": [
    {
      "library": "jquery-validate@1.19.0",
      "destination": "wwwroot/lib/jquery-validate/"
    },
    {
      "library": "jquery-validation-unobtrusive@3.2.11",
      "destination": "wwwroot/lib/jquery-validation-unobtrusive/"
    },
    {
      "library": "jquery@3.3.1",
      "destination": "wwwroot/lib/jquery/"
    },
    {
      "library": "twitter-bootstrap@4.3.1",
      "destination": "wwwroot/lib/twitter-bootstrap/"
    },
    {
      "provider": "cdnjs",
      "library": "popper.js@1.14.7",
      "destination": "wwwroot/lib/popper.js/"
    }
  ]
}